排名,电影名称,豆瓣评分,导演,主演,电影类型,上映时间,片长,alt,图片地址
1,肖申克的救赎,9.70,弗兰克・德拉邦特,"蒂姆・罗宾斯,摩根・弗里曼,鲍勃・冈顿","犯罪,剧情","1994-09-10(多伦多电影节),1994-10-14(美国)",142分钟,https://movie.douban.com/subject/1292052/,https://img3.doubanio.com/view/photo/s_ratio_poster/public/p480747492.jpg
2,霸王别姬,9.60,陈凯歌,"张国荣,张丰毅,巩俐","剧情,爱情,同性",1993-01-01(中国香港),171 分钟,https://movie.douban.com/subject/1291546/,https://img3.doubanio.com/view/photo/s_ratio_poster/public/p2561716440.jpg
3,阿甘正传,9.50,罗伯特・泽米吉斯,"汤姆・汉克斯,罗宾・怀特,加里・西尼斯","剧情,爱情","1994-06-23(洛杉矶首映),1994-07-06(美国)",142分钟,https://movie.douban.com/subject/1292720/,https://img3.doubanio.com/view/photo/s_ratio_poster/public/p2559011361.jpg
4,这个杀手不太冷,9.40,吕克・贝松,"让・雷诺,娜塔莉・波特曼,加里・奥德曼","剧情,动作,犯罪",1994-09-14(法国),"110分钟(剧场版),133分钟(国际版)",https://movie.douban.com/subject/1295644/,https://img3.doubanio.com/view/photo/s_ratio_poster/public/p511118051.jpg
5,美丽人生,9.50,罗伯托・贝尼尼,"罗伯托・贝尼尼,尼可莱塔・布拉斯基,乔治・坎塔里尼","剧情,喜剧,爱情",1997-12-20(意大利),"116分钟,125分钟(加长版)",https://movie.douban.com/subject/1292063/,https://img3.doubanio.com/view/photo/s_ratio_poster/public/p510861873.jpg
6,泰坦尼克号,9.40,詹姆斯・卡梅隆,"莱昂纳多・迪卡普里奥,凯特・温丝莱特,比利・赞恩","剧情,爱情,灾难","1997-11-01(东京电影节),1997-12-19(美国),1998-04-03(中国大陆)","194分钟,227分钟(白星版)",https://movie.douban.com/subject/1292722/,https://img3.doubanio.com/view/photo/s_ratio_poster/public/p457760035.jpg
7,千与千寻,9.30,宫崎骏,"艾美,入野自由,夏木真理","剧情,动画,奇幻","2001-07-20(日本),2019-06-21(中国大陆)",125分钟,https://movie.douban.com/subject/1291561/,https://img1.doubanio.com/view/photo/s_ratio_poster/public/p2557573348.jpg
8,辛德勒的名单,9.50,史蒂文・斯皮尔伯格,"连姆・尼森,本・金斯利,拉尔夫・费因斯","剧情,历史,战争","1993-11-30(华盛顿首映),1994-02-04(美国)",195分钟,https://movie.douban.com/subject/1295124/,https://img3.doubanio.com/view/photo/s_ratio_poster/public/p492406163.jpg
9,盗梦空间,9.30,克里斯托弗・诺兰,"莱昂纳多・迪卡普里奥,约瑟夫・高登-莱维特,艾伦・佩吉","剧情,科幻,悬疑","2010-07-16(美国),2010-09-01(中国大陆)",148分钟,https://movie.douban.com/subject/3541415/,https://img3.doubanio.com/view/photo/s_ratio_poster/public/p513344864.jpg
10,忠犬八公的故事,9.30,拉斯・霍尔斯道姆,"理查・基尔,萨拉・罗默尔,琼・艾伦",剧情,"2009-06-13(西雅图电影节),2010-03-12(英国)",93分钟,https://movie.douban.com/subject/3011091/,https://img3.doubanio.com/view/photo/s_ratio_poster/public/p524964016.jpg
11,机器人总动员,9.30,安德鲁・斯坦顿,"本・贝尔特,艾丽莎・奈特,杰夫・格尔林","爱情,科幻,动画",2008-06-27(美国),98分钟,https://movie.douban.com/subject/2131459/,https://img3.doubanio.com/view/photo/s_ratio_poster/public/p1461851991.jpg
12,三傻大闹宝莱坞,9.20,拉吉库马尔・希拉尼,"阿米尔・汗,卡琳娜・卡普尔,马达范","剧情,喜剧,爱情","2009-12-25(印度),2011-12-08(中国大陆)",171分钟(印度),https://movie.douban.com/subject/3793023/,https://img3.doubanio.com/view/photo/s_ratio_poster/public/p579729551.jpg
13,放牛班的春天,9.30,克里斯托夫・巴拉蒂,"热拉尔・朱尼奥,弗朗索瓦・贝莱昂,凯德・麦拉德","剧情,音乐","2004-03-17(法国),2004-10-16(中国大陆)",97分钟,https://movie.douban.com/subject/1291549/,https://img3.doubanio.com/view/photo/s_ratio_poster/public/p1910824951.jpg
14,海上钢琴师,9.20,朱塞佩・托纳多雷,"蒂姆・罗斯,普路特・泰勒・文斯,比尔・努恩","剧情,音乐",1998-10-28(意大利),"165分钟,120分钟(法国版),169分钟(加长版)",https://movie.douban.com/subject/1292001/,https://img1.doubanio.com/view/photo/s_ratio_poster/public/p511146807.jpg
15,楚门的世界,9.20,彼得・威尔,"金・凯瑞,劳拉・琳妮,艾德・哈里斯","剧情,科幻",1998-06-05(美国),103分钟,https://movie.douban.com/subject/1292064/,https://img3.doubanio.com/view/photo/s_ratio_poster/public/p479682972.jpg
16,星际穿越,9.30,克里斯托弗・诺兰,"马修・麦康纳,安妮・海瑟薇,杰西卡・查斯坦","剧情,科幻,冒险","2014-11-07(美国),2014-11-12(中国大陆)",169分钟,https://movie.douban.com/subject/1889243/,https://img3.doubanio.com/view/photo/s_ratio_poster/public/p2206088801.jpg
17,大话西游之大圣娶亲,9.20,刘镇伟,"周星驰,吴孟达,朱茵","喜剧,爱情,奇幻","1995-02-04(中国香港),2014-10-24(中国大陆),2017-04-13(中国大陆重映)","95分钟,110分钟(重映版)",https://movie.douban.com/subject/1292213/,https://img3.doubanio.com/view/photo/s_ratio_poster/public/p2455050536.jpg
18,龙猫,9.20,宫崎骏,"日高法子,坂本千夏,糸井重里","动画,奇幻,冒险","1988-04-16(日本),2018-12-14(中国大陆)",86分钟,https://movie.douban.com/subject/1291560/,https://img3.doubanio.com/view/photo/s_ratio_poster/public/p2540924496.jpg
19,熔炉,9.30,黄东赫,"孔侑,郑有美,金志映",剧情,2011-09-22(韩国),125分钟,https://movie.douban.com/subject/5912992/,https://img3.doubanio.com/view/photo/s_ratio_poster/public/p1363250216.jpg
20,教父,9.30,弗朗西斯・福特・科波拉,"马龙・白兰度,阿尔・帕西诺,詹姆斯・肯恩","剧情,犯罪","1972-03-15(纽约首映),1972-03-24(美国)",175 分钟,https://movie.douban.com/subject/1291841/,https://img3.doubanio.com/view/photo/s_ratio_poster/public/p616779645.jpg
21,无间道,9.20,"刘伟强,麦兆辉","刘德华,梁朝伟,黄秋生","剧情,犯罪,悬疑","2002-12-12(中国香港),2003-09-05(中国大陆)","101分钟,97分钟(导演剪辑版)",https://movie.douban.com/subject/1307914/,https://img3.doubanio.com/view/photo/s_ratio_poster/public/p2564556863.jpg
22,疯狂动物城,9.20,"拜伦・霍华德,瑞奇・摩尔,杰拉德・布什","金妮弗・古德温,杰森・贝特曼,伊德里斯・艾尔巴","喜剧,动画,冒险","2016-03-04(中国大陆),2016-03-04(美国)","109分钟(中国大陆),108分钟",https://movie.douban.com/subject/25662329/,https://img1.doubanio.com/view/photo/s_ratio_poster/public/p2315672647.jpg
23,当幸福来敲门,9.10,加布里埃莱・穆奇诺,"威尔・史密斯,贾登・史密斯,坦迪・牛顿","剧情,传记,家庭","2006-12-15(美国),2008-01-17(中国大陆)",117分钟,https://movie.douban.com/subject/1849031/,https://img1.doubanio.com/view/photo/s_ratio_poster/public/p1312700628.jpg
24,怦然心动,9.00,罗伯・莱纳,"玛德琳・卡罗尔,卡兰・麦克奥利菲,瑞贝卡・德・莫妮","剧情,喜剧,爱情","2010-07-26(好莱坞首映),2010-09-10(美国)",90分钟,https://movie.douban.com/subject/3319755/,https://img3.doubanio.com/view/photo/s_ratio_poster/public/p663036666.jpg
25,触不可及,9.20,"奥利维埃・纳卡什,埃里克・托莱达诺","弗朗索瓦・克鲁塞,奥玛・希,安娜・勒尼","剧情,喜剧",2011-11-02(法国),112分钟,https://movie.douban.com/subject/6786002/,https://img3.doubanio.com/view/photo/s_ratio_poster/public/p1454261925.jpg
26,蝙蝠侠：黑暗骑士,9.10,克里斯托弗・诺兰,"克里斯蒂安・贝尔,希斯・莱杰,艾伦・艾克哈特","剧情,动作,科幻","2008-07-14(纽约首映),2008-07-18(美国)",152分钟,https://movie.douban.com/subject/1851857/,https://img3.doubanio.com/view/photo/s_ratio_poster/public/p462657443.jpg
27,乱世佳人,9.30,"维克多・弗莱明,乔治・库克,山姆・伍德","费雯・丽,克拉克・盖博,奥利维娅・德哈维兰","剧情,历史,爱情","1939-12-15(亚特兰大首映),1940-01-17(美国)","238分钟,234分钟",https://movie.douban.com/subject/1300267/,https://img3.doubanio.com/view/photo/s_ratio_poster/public/p1963126880.jpg
28,活着,9.20,张艺谋,"葛优,巩俐,姜武","剧情,历史,家庭","1994-05-17(戛纳电影节),1994-06-30(中国香港)",132分钟,https://movie.douban.com/subject/1292365/,https://img3.doubanio.com/view/photo/s_ratio_poster/public/p2513253791.jpg
29,控方证人,9.60,比利・怀德,"泰隆・鲍华,玛琳・黛德丽,查尔斯・劳顿","剧情,犯罪,悬疑",1957-12-17(美国),116分钟,https://movie.douban.com/subject/1296141/,https://img1.doubanio.com/view/photo/s_ratio_poster/public/p1505392928.jpg
30,少年派的奇幻漂流,9.00,李安,"苏拉・沙玛,伊尔凡・可汗,拉菲・斯波","剧情,奇幻,冒险","2012-09-28(纽约电影节),2012-11-21(美国),2012-11-22(中国大陆)",127分钟,https://movie.douban.com/subject/1929463/,https://img3.doubanio.com/view/photo/s_ratio_poster/public/p1784592701.jpg
31,摔跤吧！爸爸,9.00,涅提・蒂瓦里,"阿米尔・汗,法缇玛・萨那・纱卡,桑亚・玛荷塔","剧情,传记,运动","2016-12-23(印度),2017-05-05(中国大陆)","161分钟(印度),140分钟(中国大陆)",https://movie.douban.com/subject/26387939/,https://img3.doubanio.com/view/photo/s_ratio_poster/public/p2457983084.jpg
32,指环王3：王者无敌,9.20,彼得・杰克逊,"维果・莫腾森,伊利亚・伍德,西恩・奥斯汀","剧情,动作,奇幻","2003-12-17(美国),2004-03-12(中国大陆)","201分钟,254分钟(加长版),263分钟(蓝光加长版)",https://movie.douban.com/subject/1291552/,https://img3.doubanio.com/view/photo/s_ratio_poster/public/p1910825503.jpg
33,天空之城,9.10,宫崎骏,"田中真弓,横泽启子,初井言荣","动画,奇幻,冒险","1986-08-02(日本),1992(中国大陆)",125分钟,https://movie.douban.com/subject/1291583/,https://img1.doubanio.com/view/photo/s_ratio_poster/public/p1446261379.jpg
34,鬼子来了,9.20,姜文,"姜文,香川照之,袁丁","剧情,历史,战争","2000-05-12(戛纳电影节),2002-04-27(日本)","139分钟,162分钟(戛纳电影节)",https://movie.douban.com/subject/1291858/,https://img1.doubanio.com/view/photo/s_ratio_poster/public/p2553104888.jpg
35,十二怒汉,9.40,西德尼・吕美特,"亨利・方达,马丁・鲍尔萨姆,约翰・菲德勒",剧情,1957-04-13(美国),96 分钟,https://movie.douban.com/subject/1293182/,https://img3.doubanio.com/view/photo/s_ratio_poster/public/p2173577632.jpg
36,天堂电影院,9.20,朱塞佩・托纳多雷,"安东内拉・阿蒂利,恩佐・卡拉瓦勒,艾萨・丹尼埃利","剧情,爱情",1988-11-17(意大利),"155分钟,173分钟(导演剪辑版),124分钟(剧场版)",https://movie.douban.com/subject/1291828/,https://img1.doubanio.com/view/photo/s_ratio_poster/public/p2559577569.jpg
37,飞屋环游记,9.00,"彼特・道格特,鲍勃・彼德森","爱德华・阿斯纳,克里斯托弗・普卢默,乔丹・长井","剧情,喜剧,动画","2009-05-13(戛纳电影节),2009-05-29(美国),2009-08-04(中国大陆)",96分钟,https://movie.douban.com/subject/2129039/,https://img3.doubanio.com/view/photo/s_ratio_poster/public/p485887754.jpg
38,大话西游之月光宝盒,9.00,刘镇伟,"周星驰,吴孟达,罗家英","喜剧,爱情,奇幻","1995-01-21(中国香港),2014-10-24(中国大陆)",87分钟,https://movie.douban.com/subject/1299398/,https://img3.doubanio.com/view/photo/s_ratio_poster/public/p2561721372.jpg
39,哈尔的移动城堡,9.00,宫崎骏,"倍赏千惠子,木村拓哉,美轮明宏","动画,奇幻,冒险","2004-09-05(威尼斯电影节),2004-11-20(日本)",119分钟,https://movie.douban.com/subject/1308807/,https://img3.doubanio.com/view/photo/s_ratio_poster/public/p2174346180.jpg
40,罗马假日,9.00,威廉・惠勒,"奥黛丽・赫本,格利高里・派克,埃迪・艾伯特","喜剧,剧情,爱情","1953-08-20(威尼斯电影节),1953-09-02(美国)",118分钟,https://movie.douban.com/subject/1293839/,https://img3.doubanio.com/view/photo/s_ratio_poster/public/p2189265085.jpg
41,搏击俱乐部,9.00,大卫・芬奇,"爱德华・诺顿,布拉德・皮特,海伦娜・伯翰・卡特","剧情,动作,悬疑","1999-09-10(威尼斯电影节),1999-10-15(美国)",139 分钟,https://movie.douban.com/subject/1292000/,https://img1.doubanio.com/view/photo/s_ratio_poster/public/p1910926158.jpg
42,末代皇帝,9.20,贝纳尔多・贝托鲁奇,"尊龙,陈冲,邬君梅","剧情,传记,历史","1987-10-04(东京国际电影节),1987-10-23(意大利)","163分钟,219分钟 (电视版)",https://movie.douban.com/subject/1293172/,https://img3.doubanio.com/view/photo/s_ratio_poster/public/p452089833.jpg
43,寻梦环游记,9.00,"李・昂克里奇,阿德里安・莫利纳","安东尼・冈萨雷斯,盖尔・加西亚・贝纳尔,本杰明・布拉特","喜剧,动画,奇幻","2017-10-20(莫雷利亚电影节),2017-11-22(美国),2017-11-24(中国大陆)",105分钟,https://movie.douban.com/subject/20495023/,https://img1.doubanio.com/view/photo/s_ratio_poster/public/p2503997609.jpg
44,闻香识女人,9.00,马丁・布莱斯特,"阿尔・帕西诺,克里斯・奥唐纳,詹姆斯・瑞布霍恩",剧情,1992-12-23(美国),157 分钟,https://movie.douban.com/subject/1298624/,https://img1.doubanio.com/view/photo/s_ratio_poster/public/p2550757929.jpg
45,辩护人,9.20,杨宇硕,"宋康昊,吴达洙,金英爱",剧情,2013-12-18(韩国),127分钟,https://movie.douban.com/subject/21937445/,https://img3.doubanio.com/view/photo/s_ratio_poster/public/p2158166535.jpg
46,素媛,9.20,李F益,"薛耿求,严志媛,李来",剧情,2013-10-02(韩国),123分钟,https://movie.douban.com/subject/21937452/,https://img3.doubanio.com/view/photo/s_ratio_poster/public/p2118532944.jpg
47,窃听风暴,9.10,弗洛里安・亨克尔・冯・多纳斯马尔克,"乌尔里希・穆埃,马蒂娜・格德克,塞巴斯蒂安・科赫","剧情,悬疑",2006-03-23(德国),137分钟,https://movie.douban.com/subject/1900841/,https://img1.doubanio.com/view/photo/s_ratio_poster/public/p1808872109.jpg
48,死亡诗社,9.00,彼得・威尔,"罗宾・威廉姆斯,罗伯特・肖恩・莱纳德,伊桑・霍克",剧情,"1989-06-02(多伦多首映),1989-06-09(美国)",128 分钟,https://movie.douban.com/subject/1291548/,https://img3.doubanio.com/view/photo/s_ratio_poster/public/p502437344.jpg
49,两杆大烟枪,9.10,盖・里奇,"杰森・弗莱明,德克斯特・弗莱彻,尼克・莫兰","剧情,喜剧,犯罪",1998-08-28(英国),"107分钟,115分钟(导演剪辑版)",https://movie.douban.com/subject/1293350/,https://img1.doubanio.com/view/photo/s_ratio_poster/public/p792443418.jpg
50,飞越疯人院,9.10,米洛斯・福尔曼,"杰克・尼科尔森,丹尼・德维托,克里斯托弗・洛伊德",剧情,1975-11-19(美国),133分钟,https://movie.douban.com/subject/1292224/,https://img1.doubanio.com/view/photo/s_ratio_poster/public/p792238287.jpg
51,指环王2：双塔奇兵,9.00,彼得・杰克逊,"伊利亚・伍德,西恩・奥斯汀,伊恩・麦克莱恩","剧情,动作,奇幻","2002-12-05(纽约首映),2002-12-18(美国),2003-04-25(中国大陆)","179分钟,223分钟(加长版),235分钟(蓝光加长版)",https://movie.douban.com/subject/1291572/,https://img3.doubanio.com/view/photo/s_ratio_poster/public/p909265336.jpg
52,教父2,9.20,弗朗西斯・福特・科波拉,"阿尔・帕西诺,罗伯特・杜瓦尔,黛安・基顿","剧情,犯罪","1974-12-12(纽约首映),1974-12-20(美国)",202分钟,https://movie.douban.com/subject/1299131/,https://img1.doubanio.com/view/photo/s_ratio_poster/public/p2194138787.jpg
53,狮子王,9.00,"罗杰・阿勒斯,罗伯・明可夫","乔纳森・泰勒・托马斯,马修・布罗德里克,杰瑞米・艾恩斯","动画,冒险,歌舞","1994-06-15(美国),1995-07-15(中国大陆),2011-09-16(美国)",89 分钟,https://movie.douban.com/subject/1301753/,https://img1.doubanio.com/view/photo/s_ratio_poster/public/p726659067.jpg
54,指环王1：魔戒再现,9.00,彼得・杰克逊,"伊利亚・伍德,西恩・奥斯汀,伊恩・麦克莱恩","剧情,动作,奇幻","2001-12-19(美国),2002-04-04(中国大陆)","178分钟,208分钟(加长版),228分钟(蓝光加长版)",https://movie.douban.com/subject/1291571/,https://img3.doubanio.com/view/photo/s_ratio_poster/public/p1354436051.jpg
55,V字仇杀队,8.90,詹姆斯・麦克特格,"娜塔莉・波特曼,雨果・维文,斯蒂芬・瑞","剧情,动作,科幻","2005-12-11(BNAT电影节),2006-03-17(美国)",132分钟,https://movie.douban.com/subject/1309046/,https://img3.doubanio.com/view/photo/s_ratio_poster/public/p1465235231.jpg
56,美丽心灵,9.00,朗・霍华德,"罗素・克劳,艾德・哈里斯,詹妮弗・康纳利","传记,剧情","2001-12-13(加州首映),2002-01-04(美国)",135分钟,https://movie.douban.com/subject/1306029/,https://img3.doubanio.com/view/photo/s_ratio_poster/public/p1665997400.jpg
57,饮食男女,9.10,李安,"郎雄,杨贵媚,吴倩莲","剧情,家庭",1994-08-03(美国),124分钟,https://movie.douban.com/subject/1291818/,https://img3.doubanio.com/view/photo/s_ratio_poster/public/p1910899751.jpg
58,何以为家,9.10,娜丁・拉巴基,"赞恩・阿尔・拉菲亚,约丹诺斯・希费罗,博鲁瓦蒂夫・特雷杰・班科尔",剧情,"2018-05-17(戛纳电影节),2018-09-20(黎巴嫩),2019-04-29(中国大陆)","126分钟,117分钟(中国大陆)",https://movie.douban.com/subject/30170448/,https://img1.doubanio.com/view/photo/s_ratio_poster/public/p2555295759.jpg
59,海豚湾,9.30,路易・西霍尤斯,"Richard O'Barry,路易・西霍尤斯,Hardy Jones",纪录片,2009-07-31(美国),92分钟,https://movie.douban.com/subject/3442220/,https://img1.doubanio.com/view/photo/s_ratio_poster/public/p2559579779.jpg
60,情书,8.90,岩井俊二,"中山美穗,丰川悦司,酒井美纪","剧情,爱情","1995-03-25(日本),1999-03(中国大陆)",117分钟,https://movie.douban.com/subject/1292220/,https://img1.doubanio.com/view/photo/s_ratio_poster/public/p449897379.jpg
61,大闹天宫,9.30,"万籁鸣,唐澄","邱岳峰,富润生,毕克","动画,奇幻","1961(中国大陆),1964(中国大陆),1978(中国大陆),2004(中国大陆)",114分钟,https://movie.douban.com/subject/1418019/,https://img1.doubanio.com/view/photo/s_ratio_poster/public/p2184505167.jpg
62,钢琴家,9.10,罗曼・波兰斯基,"艾德里安・布洛迪,托马斯・克莱舒曼,艾米莉娅・福克斯","剧情,传记,历史","2002-05-24(戛纳电影节),2002-09-25(法国)",150分钟,https://movie.douban.com/subject/1296736/,https://img3.doubanio.com/view/photo/s_ratio_poster/public/p792484461.jpg
63,哈利・波特与魔法石,8.90,克里斯・哥伦布,"丹尼尔・雷德克里夫,艾玛・沃森,鲁伯特・格林特","奇幻,冒险","2001-11-04(英国首映),2001-11-16(美国),2002-01-26(中国大陆)","152分钟,159分钟(加长版)",https://movie.douban.com/subject/1295038/,https://img3.doubanio.com/view/photo/s_ratio_poster/public/p804947166.jpg
64,本杰明・巴顿奇事,8.90,大卫・芬奇,"凯特・布兰切特,布拉德・皮特,朱莉娅・奥蒙德","剧情,爱情,奇幻",2008-12-25(美国),166分钟,https://movie.douban.com/subject/1485260/,https://img3.doubanio.com/view/photo/s_ratio_poster/public/p2192535722.jpg
65,看不见的客人,8.80,奥里奥尔・保罗,"马里奥・卡萨斯,阿娜・瓦格纳,何塞・科罗纳多","剧情,犯罪,悬疑","2016-09-23(奇幻电影节),2017-01-06(西班牙),2017-09-15(中国大陆)",106分钟,https://movie.douban.com/subject/26580232/,https://img3.doubanio.com/view/photo/s_ratio_poster/public/p2498971355.jpg
66,黑客帝国,8.90,"莉莉・沃卓斯基,拉娜・沃卓斯基","基努・里维斯,劳伦斯・菲什伯恩,凯瑞-安・莫斯","动作,科幻",1999-03-31(美国),136分钟,https://movie.douban.com/subject/1291843/,https://img1.doubanio.com/view/photo/s_ratio_poster/public/p451926968.jpg
67,西西里的美丽传说,8.80,朱塞佩・托纳多雷,"莫妮卡・贝鲁奇,朱塞佩・苏尔法罗,Luciano Federico","剧情,战争,情色",2000-10-27(意大利),"109 分钟,USA: 92 分钟(heavily cut),Turkey: 84 分钟(TV version)",https://movie.douban.com/subject/1292402/,https://img1.doubanio.com/view/photo/s_ratio_poster/public/p2441988159.jpg
68,小鞋子,9.20,马基德・马基迪,"法拉赫阿米尔・哈什米安,默罕默德・阿米尔・纳吉,巴哈丽・西迪奇","剧情,儿童,家庭","1997-02(伊朗),1999-01-22(美国)",89分钟,https://movie.douban.com/subject/1303021/,https://img3.doubanio.com/view/photo/s_ratio_poster/public/p2173580536.jpg
69,让子弹飞,8.80,姜文,"姜文,葛优,周润发","剧情,喜剧,动作",2010-12-16(中国大陆),132分钟,https://movie.douban.com/subject/3742360/,https://img1.doubanio.com/view/photo/s_ratio_poster/public/p1512562287.jpg
70,美国往事,9.20,赛尔乔・莱昂内,"罗伯特・德尼罗,詹姆斯・伍兹,伊丽莎白・麦戈文","犯罪,剧情","1984-02-17(波士顿首映),1984-09-28(意大利)","229分钟(导演剪辑版),251分钟(导演剪辑加长版)",https://movie.douban.com/subject/1292262/,https://img1.doubanio.com/view/photo/s_ratio_poster/public/p477229647.jpg
71,拯救大兵瑞恩,9.00,史蒂文・斯皮尔伯格,"汤姆・汉克斯,汤姆・塞兹摩尔,爱德华・伯恩斯","剧情,历史,战争","1998-07-24(美国),1998-11-13(中国大陆)",169分钟,https://movie.douban.com/subject/1292849/,https://img3.doubanio.com/view/photo/s_ratio_poster/public/p1014542496.jpg
72,音乐之声,9.00,罗伯特・怀斯,"朱莉・安德鲁斯,克里斯托弗・普卢默,埃琳诺・帕克","剧情,传记,爱情",1965-03-02(美国),174分钟,https://movie.douban.com/subject/1294408/,https://img3.doubanio.com/view/photo/s_ratio_poster/public/p2189265302.jpg
73,猫鼠游戏,8.90,史蒂文・斯皮尔伯格,"莱昂纳多・迪卡普里奥,汤姆・汉克斯,克里斯托弗・沃肯","传记,犯罪,剧情","2002-12-16(洛杉矶首映),2002-12-25(美国)",141 分钟,https://movie.douban.com/subject/1305487/,https://img3.doubanio.com/view/photo/s_ratio_poster/public/p453924541.jpg
74,致命魔术,8.80,克里斯托弗・诺兰,"休・杰克曼,克里斯蒂安・贝尔,迈克尔・凯恩","剧情,悬疑,惊悚",2006-10-20(美国),130分钟,https://movie.douban.com/subject/1780330/,https://img3.doubanio.com/view/photo/s_ratio_poster/public/p480383375.jpg
75,七宗罪,8.80,大卫・芬奇,"摩根・弗里曼,布拉德・皮特,凯文・史派西","剧情,犯罪,悬疑",1995-09-22(美国),127分钟,https://movie.douban.com/subject/1292223/,https://img3.doubanio.com/view/photo/s_ratio_poster/public/p457631605.jpg
76,被嫌弃的松子的一生,8.90,中岛哲也,"中谷美纪,瑛太,香川照之","剧情,歌舞",2006-05-27(日本),130 分钟,https://movie.douban.com/subject/1787291/,https://img3.doubanio.com/view/photo/s_ratio_poster/public/p884763596.jpg
77,低俗小说,8.80,昆汀・塔伦蒂诺,"约翰・特拉沃尔塔,乌玛・瑟曼,阿曼达・普拉莫","剧情,喜剧,犯罪","1994-05-12(戛纳电影节),1994-10-14(美国)",154分钟,https://movie.douban.com/subject/1291832/,https://img3.doubanio.com/view/photo/s_ratio_poster/public/p1910902213.jpg
78,沉默的羔羊,8.80,乔纳森・戴米,"朱迪・福斯特,安东尼・霍普金斯,斯科特・格伦","剧情,犯罪,惊悚",1991-02-14(美国),118分钟,https://movie.douban.com/subject/1293544/,https://img1.doubanio.com/view/photo/s_ratio_poster/public/p1593414327.jpg
79,蝴蝶效应,8.80,"埃里克・布雷斯,J・麦基・格鲁伯","阿什顿・库彻,梅洛拉・沃尔特斯,艾米・斯马特","剧情,悬疑,科幻",2004-01-23(美国),"113分钟,120分钟(导演剪辑版)",https://movie.douban.com/subject/1292343/,https://img1.doubanio.com/view/photo/s_ratio_poster/public/p2209066019.jpg
80,春光乍泄,8.90,王家卫,"张国荣,梁朝伟,张震","剧情,爱情,同性","1997-05-17(戛纳电影节),1997-05-30(中国香港)",96分钟,https://movie.douban.com/subject/1292679/,https://img3.doubanio.com/view/photo/s_ratio_poster/public/p465939041.jpg
81,穿条纹睡衣的男孩,9.00,马克・赫尔曼,"阿萨・巴特菲尔德,维拉・法米加,卡拉・霍根","剧情,战争","2008-09-12(英国),2008-11-07(美国)",94分钟,https://movie.douban.com/subject/3008247/,https://img3.doubanio.com/view/photo/s_ratio_poster/public/p1473670352.jpg
82,勇敢的心,8.90,梅尔・吉布森,"梅尔・吉布森,苏菲・玛索,布莱恩・考克斯","动作,传记,剧情","1995-05-18(西雅图电影节),1995-05-24(美国)",177 分钟,https://movie.douban.com/subject/1294639/,https://img3.doubanio.com/view/photo/s_ratio_poster/public/p1374546770.jpg
83,天使爱美丽,8.70,让-皮埃尔・热内,"奥黛丽・塔图,马修・卡索维茨,吕菲斯","喜剧,爱情","2001-04-25(法国),2001-08-16(德国)",122分钟,https://movie.douban.com/subject/1292215/,https://img3.doubanio.com/view/photo/s_ratio_poster/public/p2447590313.jpg
84,剪刀手爱德华,8.70,蒂姆・波顿,"约翰尼・德普,薇诺娜・瑞德,黛安・韦斯特","剧情,奇幻,爱情",1990-12-06(美国),105分钟,https://movie.douban.com/subject/1292370/,https://img1.doubanio.com/view/photo/s_ratio_poster/public/p480956937.jpg
85,心灵捕手,8.80,格斯・范・桑特,"马特・达蒙,罗宾・威廉姆斯,本・阿弗莱克",剧情,1997-12-05(美国),126 分钟,https://movie.douban.com/subject/1292656/,https://img3.doubanio.com/view/photo/s_ratio_poster/public/p480965695.jpg
86,禁闭岛,8.80,马丁・斯科塞斯,"莱昂纳多・迪卡普里奥,马克・鲁弗洛,本・金斯利","剧情,悬疑,惊悚","2010-02-13(柏林电影节),2010-02-19(美国)",138 分钟,https://movie.douban.com/subject/2334904/,https://img1.doubanio.com/view/photo/s_ratio_poster/public/p1832875827.jpg
87,布达佩斯大饭店,8.80,韦斯・安德森,"拉尔夫・费因斯,托尼・雷沃罗利,艾德里安・布洛迪","剧情,喜剧,冒险","2014-02-06(柏林电影节),2014-03-28(美国)",99分钟,https://movie.douban.com/subject/11525673/,https://img3.doubanio.com/view/photo/s_ratio_poster/public/p2178872593.jpg
88,阿凡达,8.70,詹姆斯・卡梅隆,"萨姆・沃辛顿,佐伊・索尔达娜,西格妮・韦弗","动作,战争,科幻","2009-12-18(美国),2010-01-04(中国大陆)","162分钟,178分钟(加长版)",https://movie.douban.com/subject/1652587/,https://img1.doubanio.com/view/photo/s_ratio_poster/public/p2180085848.jpg
89,入殓师,8.80,泷田洋二郎,"本木雅弘,广末凉子,山崎努",剧情,2008-09-13(日本),130 分钟,https://movie.douban.com/subject/2149806/,https://img1.doubanio.com/view/photo/s_ratio_poster/public/p594972928.jpg
90,幽灵公主,8.90,宫崎骏,"松田洋治,石田百合子,田中裕子","动画,奇幻,冒险",1997-07-12(日本),134分钟,https://movie.douban.com/subject/1297359/,https://img3.doubanio.com/view/photo/s_ratio_poster/public/p1613191025.jpg
91,加勒比海盗,8.70,戈尔・维宾斯基,"约翰尼・德普,杰弗里・拉什,奥兰多・布鲁姆","动作,冒险,奇幻","2003-07-09(美国),2003-11-21(中国大陆)",143 分钟,https://movie.douban.com/subject/1298070/,https://img3.doubanio.com/view/photo/s_ratio_poster/public/p1596085504.jpg
92,摩登时代,9.30,查理・卓别林,"查理・卓别林,宝莲・高黛,亨利・伯格曼","剧情,喜剧,爱情",1936-02-25(美国),87分钟,https://movie.douban.com/subject/1294371/,https://img3.doubanio.com/view/photo/s_ratio_poster/public/p2173707976.jpg
93,致命ID,8.70,詹姆斯・曼高德,"约翰・库萨克,雷・利奥塔,阿曼达・皮特","剧情,悬疑,惊悚",2003-04-25(美国),90分钟,https://movie.douban.com/subject/1297192/,https://img3.doubanio.com/view/photo/s_ratio_poster/public/p2558364386.jpg
94,断背山,8.70,李安,"希斯・莱杰,杰克・吉伦哈尔,米歇尔・威廉姆斯","剧情,爱情,同性","2005-09-02(威尼斯电影节),2006-01-06(加拿大),2006-01-13(美国)",134分钟,https://movie.douban.com/subject/1418834/,https://img1.doubanio.com/view/photo/s_ratio_poster/public/p513535588.jpg
95,阳光灿烂的日子,8.80,姜文,"夏雨,宁静,陶虹","剧情,爱情","1994-09-09(威尼斯电影节),1995-06-28(中国香港),1995-08-21(中国大陆)","134分钟(中国大陆),138分钟(威尼斯电影节),128分钟(DVD版),140分钟(修复版),225分钟(初剪版)",https://movie.douban.com/subject/1291875/,https://img3.doubanio.com/view/photo/s_ratio_poster/public/p2564685215.jpg
96,重庆森林,8.70,王家卫,"林青霞,金城武,梁朝伟","剧情,爱情",1994-07-14(中国香港),"102分钟,111分钟(台湾版DVD)",https://movie.douban.com/subject/1291999/,https://img3.doubanio.com/view/photo/s_ratio_poster/public/p792381411.jpg
97,第六感,8.80,M・奈特・沙马兰,"布鲁斯・威利斯,海利・乔・奥斯蒙,托妮・科莱特","剧情,悬疑,惊悚",1999-08-06(美国),107分钟,https://movie.douban.com/subject/1297630/,https://img3.doubanio.com/view/photo/s_ratio_poster/public/p2220184425.jpg
98,狩猎,9.10,托马斯・温特伯格,"麦斯・米科尔森,托玛斯・博・拉森,安妮卡・韦德科普",剧情,"2012-05-20(戛纳电影节),2013-01-10(丹麦)",115分钟,https://movie.douban.com/subject/6985810/,https://img1.doubanio.com/view/photo/s_ratio_poster/public/p1546987967.jpg
99,喜剧之王,8.70,"周星驰,李力持","周星驰,张柏芝,莫文蔚","喜剧,剧情,爱情",1999-02-13(中国香港),"85分钟,89分钟(DVD)",https://movie.douban.com/subject/1302425/,https://img3.doubanio.com/view/photo/s_ratio_poster/public/p1043597424.jpg
100,玛丽和马克思,8.90,亚当・艾略特,"托妮・科莱特,菲利普・塞默・霍夫曼,巴瑞・哈姆弗莱斯","剧情,喜剧,动画","2009-01-15(圣丹斯电影节),2009-04-09(澳大利亚)",92分钟,https://movie.douban.com/subject/3072124/,https://img1.doubanio.com/view/photo/s_ratio_poster/public/p1820615077.jpg
101,我不是药神,9.00,文牧野,"徐峥,王传君,周一围","剧情,喜剧","2018-06-30(大规模点映),2018-07-05(中国大陆)",117分钟,https://movie.douban.com/subject/26752088/,https://img3.doubanio.com/view/photo/s_ratio_poster/public/p2561305376.jpg
102,消失的爱人,8.70,大卫・芬奇,"本・阿弗莱克,裴淳华,尼尔・帕特里克・哈里斯","剧情,犯罪,悬疑","2014-09-26(纽约电影节),2014-10-03(美国)",149分钟,https://movie.douban.com/subject/21318488/,https://img3.doubanio.com/view/photo/s_ratio_poster/public/p2221768894.jpg
103,告白,8.70,中岛哲也,"松隆子,冈田将生,木村佳乃","剧情,惊悚",2010-06-05(日本),106分钟,https://movie.douban.com/subject/4268598/,https://img3.doubanio.com/view/photo/s_ratio_poster/public/p689520756.jpg
104,小森林 夏秋篇,9.00,森淳一,"桥本爱,三浦贵大,松冈茉优",剧情,2014-08-30(日本),111分钟,https://movie.douban.com/subject/25814705/,https://img3.doubanio.com/view/photo/s_ratio_poster/public/p2564498893.jpg
105,大鱼,8.80,蒂姆・波顿,"伊万・麦克格雷格,阿尔伯特・芬尼,比利・克鲁德普","剧情,家庭,奇幻","2003-12-04(纽约首映),2004-01-09(美国)",125 分钟,https://movie.douban.com/subject/1291545/,https://img3.doubanio.com/view/photo/s_ratio_poster/public/p692813374.jpg
106,一一,9.00,杨德昌,"吴念真,李凯莉,金燕玲","剧情,爱情,家庭","2000-05-14(戛纳电影节),2000-12-16(日本),2017-07-28(中国台湾)",173分钟,https://movie.douban.com/subject/1292434/,https://img1.doubanio.com/view/photo/s_ratio_poster/public/p2119675128.jpg
107,请以你的名字呼唤我,8.80,卢卡・瓜达尼诺,"艾米・汉莫,蒂莫西・柴勒梅德,迈克尔・斯图巴","剧情,爱情,同性","2017-01-22(圣丹斯电影节),2017-11-24(美国)",132分钟,https://movie.douban.com/subject/26799731/,https://img3.doubanio.com/view/photo/s_ratio_poster/public/p2505525050.jpg
108,阳光姐妹淘,8.80,姜炯哲,"沈恩京,闵孝琳,姜素拉","剧情,喜剧",2011-05-04(韩国),"124分钟,135分钟(导演剪辑版)",https://movie.douban.com/subject/4917726/,https://img1.doubanio.com/view/photo/s_ratio_poster/public/p1374786017.jpg
109,爱在黎明破晓前,8.80,理查德・林克莱特,"伊桑・霍克,朱莉・德尔佩,安德莉亚・埃克特","剧情,爱情",1995-01-27(美国),101分钟,https://movie.douban.com/subject/1296339/,https://img3.doubanio.com/view/photo/s_ratio_poster/public/p2555762374.jpg
110,射雕英雄传之东成西就,8.70,刘镇伟,"梁朝伟,林青霞,张国荣","喜剧,奇幻,武侠",1993-02-05(中国香港),"113分钟(香港),98分钟(翡翠高清版)",https://movie.douban.com/subject/1316510/,https://img1.doubanio.com/view/photo/s_ratio_poster/public/p2535922598.jpg
111,侧耳倾听,8.90,近藤喜文,"本名阳子,小林桂树,高山南","剧情,爱情,动画",1995-07-15(日本),111分钟,https://movie.douban.com/subject/1297052/,https://img3.doubanio.com/view/photo/s_ratio_poster/public/p456692072.jpg
112,甜蜜蜜,8.80,陈可辛,"黎明,张曼玉,杨恭如","剧情,爱情","1996-11-02(中国香港),2015-02-13(中国大陆)","118分钟(中国大陆),116分钟(台湾)",https://movie.douban.com/subject/1305164/,https://img3.doubanio.com/view/photo/s_ratio_poster/public/p2223011274.jpg
113,红辣椒,9.00,今敏,"林原惠美,江守彻,堀胜之v","动画,悬疑,科幻","2006-09-02(威尼斯电影节),2006-11-25(日本)",90 分钟,https://movie.douban.com/subject/1865703/,https://img3.doubanio.com/view/photo/s_ratio_poster/public/p672363704.jpg
114,海蒂和爷爷,9.10,阿兰・葛斯彭纳,"阿努克・斯特芬,布鲁诺・甘茨,昆林・艾格匹","剧情,冒险,家庭","2015-12-10(德国),2019-05-16(中国大陆)",111分钟,https://movie.douban.com/subject/25958717/,https://img3.doubanio.com/view/photo/s_ratio_poster/public/p2554525534.jpg
115,驯龙高手,8.70,"迪恩・德布洛斯,克里斯・桑德斯","杰伊・巴鲁切尔,杰拉德・巴特勒,克雷格・费格森","动画,奇幻,冒险","2010-03-18(俄罗斯),2010-03-26(美国),2010-05-14(中国大陆)",98分钟,https://movie.douban.com/subject/2353023/,https://img3.doubanio.com/view/photo/s_ratio_poster/public/p2210954024.jpg
116,杀人回忆,8.80,奉俊昊,"宋康昊,金相庆,金雷河","犯罪,剧情,悬疑",2003-05-02(韩国),131分钟,https://movie.douban.com/subject/1300299/,https://img1.doubanio.com/view/photo/s_ratio_poster/public/p480225538.jpg
117,倩女幽魂,8.70,程小东,"张国荣,王祖贤,午马","爱情,奇幻,武侠","1987-07-18(中国香港),2011-04-30(中国大陆)","98分钟(香港),96分钟",https://movie.douban.com/subject/1297447/,https://img3.doubanio.com/view/photo/s_ratio_poster/public/p2414157745.jpg
118,超脱,8.80,托尼・凯耶,"艾德里安・布洛迪,马西娅・盖伊・哈登,詹姆斯・肯恩",剧情,2011-04-25(翠贝卡电影节),97分钟,https://movie.douban.com/subject/5322596/,https://img3.doubanio.com/view/photo/s_ratio_poster/public/p1305562621.jpg
119,7号房的礼物,8.80,李焕庆,"柳承龙,朴信惠,郑镇荣","剧情,喜剧,家庭",2013-01-23(韩国),127分钟,https://movie.douban.com/subject/10777687/,https://img3.doubanio.com/view/photo/s_ratio_poster/public/p1816276065.jpg
120,恐怖直播,8.80,金秉v,"河正宇,李Z荣,全慧珍","剧情,犯罪,悬疑",2013-07-31(韩国),97分钟,https://movie.douban.com/subject/21360417/,https://img3.doubanio.com/view/photo/s_ratio_poster/public/p2016930906.jpg
121,菊次郎的夏天,8.80,北野武,"北野武,关口雄介,岸本加世子","剧情,喜剧","1999-05-20(戛纳电影节),1999-06-05(日本)",121 分钟,https://movie.douban.com/subject/1293359/,https://img3.doubanio.com/view/photo/s_ratio_poster/public/p751835224.jpg
122,哈利・波特与死亡圣器(下),8.70,大卫・叶茨,"丹尼尔・雷德克里夫,艾玛・沃森,鲁伯特・格林特","剧情,悬疑,奇幻","2011-07-15(美国),2011-08-04(中国大陆)",130分钟,https://movie.douban.com/subject/3011235/,https://img3.doubanio.com/view/photo/s_ratio_poster/public/p917846733.jpg
123,小森林 冬春篇,9.00,森淳一,"桥本爱,三浦贵大,松冈茉优",剧情,2015-02-14(日本),120分钟,https://movie.douban.com/subject/25814707/,https://img1.doubanio.com/view/photo/s_ratio_poster/public/p2215147728.jpg
124,爱在日落黄昏时,8.80,理查德・林克莱特,"伊桑・霍克,朱莉・德尔佩,弗农・多布切夫","剧情,爱情","2004-02-10(柏林电影节),2004-07-30(美国)",80 分钟,https://movie.douban.com/subject/1291990/,https://img3.doubanio.com/view/photo/s_ratio_poster/public/p2191788134.jpg
125,风之谷,8.80,宫崎骏,"岛本须美,松田洋治,Y原良子","动画,奇幻,冒险","1984-03-11(日本),1992-05(中国大陆)",117分钟,https://movie.douban.com/subject/1291585/,https://img3.doubanio.com/view/photo/s_ratio_poster/public/p1917567652.jpg
126,幸福终点站,8.70,史蒂文・斯皮尔伯格,"汤姆・汉克斯,凯瑟琳・泽塔-琼斯,斯坦利・图齐","喜剧,剧情,爱情","2004-06-18(美国),2005-01-14(中国大陆)",128分钟,https://movie.douban.com/subject/1292274/,https://img1.doubanio.com/view/photo/s_ratio_poster/public/p854757687.jpg
127,蝙蝠侠：黑暗骑士崛起,8.70,克里斯托弗・诺兰,"克里斯蒂安・贝尔,汤姆・哈迪,安妮・海瑟薇","剧情,动作,科幻","2012-07-20(美国),2012-08-27(中国大陆)",165分钟,https://movie.douban.com/subject/3395373/,https://img3.doubanio.com/view/photo/s_ratio_poster/public/p1706428744.jpg
128,萤火之森,8.80,大森贵弘,"佐仓绫音,内山昂辉,y亲八","剧情,爱情,动画",2011-09-17(日本),45分钟,https://movie.douban.com/subject/5989818/,https://img1.doubanio.com/view/photo/s_ratio_poster/public/p1272904657.jpg
129,上帝之城,8.90,"费尔南多・梅里尔斯,卡迪亚・兰德","亚历桑德雷・罗德里格斯,莱安德鲁・菲尔米诺,菲利佩・哈根森","犯罪,剧情","2002-05-18(戛纳电影节),2002-08-30(巴西)",130分钟,https://movie.douban.com/subject/1292208/,https://img3.doubanio.com/view/photo/s_ratio_poster/public/p455677490.jpg
130,唐伯虎点秋香,8.60,李力持,"周星驰,巩俐,陈百祥","喜剧,爱情,古装",1993-07-01(中国香港),102 分钟,https://movie.douban.com/subject/1306249/,https://img3.doubanio.com/view/photo/s_ratio_poster/public/p1946455272.jpg
131,借东西的小人阿莉埃蒂,8.80,米林宏昌,"志田未来,神木隆之介,树木希林","动画,奇幻,冒险",2010-07-17(日本),94分钟,https://movie.douban.com/subject/4202302/,https://img3.doubanio.com/view/photo/s_ratio_poster/public/p617533616.jpg
132,超能陆战队,8.60,"唐・霍尔,克里斯・威廉姆斯","斯科特・安第斯,瑞恩・波特,丹尼尔・海尼","喜剧,动作,科幻","2014-10-23(东京电影节),2014-11-07(美国),2015-02-28(中国大陆)",102分钟,https://movie.douban.com/subject/11026735/,https://img1.doubanio.com/view/photo/s_ratio_poster/public/p2224568669.jpg
133,神偷奶爸,8.60,"皮埃尔・柯芬,克里斯・雷纳德","史蒂夫・卡瑞尔,杰森・席格尔,拉塞尔・布兰德","喜剧,动画,冒险","2010-06-20(莫斯科电影节),2010-07-09(美国)",95分钟,https://movie.douban.com/subject/3287562/,https://img1.doubanio.com/view/photo/s_ratio_poster/public/p792776858.jpg
134,无人知晓,9.10,是枝裕和,"柳乐优弥,北浦爱,木村飞影",剧情,"2004-05-13(戛纳电影节),2004-08-07(日本)",141分钟,https://movie.douban.com/subject/1292337/,https://img3.doubanio.com/view/photo/s_ratio_poster/public/p661160053.jpg
135,怪兽电力公司,8.70,"彼特・道格特,大卫・斯沃曼,李・昂克里奇","约翰・古德曼,比利・克里斯托,玛丽・吉布斯","儿童,喜剧,动画","2001-11-02(美国),2012-12-19(美国)",92 分钟,https://movie.douban.com/subject/1291579/,https://img1.doubanio.com/view/photo/s_ratio_poster/public/p2513247938.jpg
136,电锯惊魂,8.70,温子仁,"雷・沃纳尔,加利・艾尔维斯,丹尼・格洛弗","悬疑,惊悚,恐怖","2004-01-19(圣丹斯电影节),2004-10-29(美国)",103分钟,https://movie.douban.com/subject/1417598/,https://img3.doubanio.com/view/photo/s_ratio_poster/public/p2565332644.jpg
137,玩具总动员3,8.80,李・昂克里奇,"汤姆・汉克斯,蒂姆・艾伦,琼・库萨克","喜剧,动画,奇幻","2010-06-16(中国大陆),2010-06-18(美国)",103分钟,https://movie.douban.com/subject/1858711/,https://img1.doubanio.com/view/photo/s_ratio_poster/public/p1283675359.jpg
138,岁月神偷,8.70,罗启锐,"吴君如,任达华,钟绍图","剧情,家庭","2010-02-14(柏林电影节),2010-03-11(中国香港),2010-04-16(中国大陆)","117分钟,120分钟(柏林电影节)",https://movie.douban.com/subject/3792799/,https://img3.doubanio.com/view/photo/s_ratio_poster/public/p456666151.jpg
139,血战钢锯岭,8.70,梅尔・吉布森,"安德鲁・加菲尔德,萨姆・沃辛顿,文斯・沃恩","剧情,传记,历史","2016-09-04(威尼斯电影节),2016-11-04(美国),2016-12-08(中国大陆)","139分钟(中国大陆),140分钟(美国)",https://movie.douban.com/subject/26325320/,https://img1.doubanio.com/view/photo/s_ratio_poster/public/p2398141939.jpg
140,谍影重重3,8.80,保罗・格林格拉斯,"马特・达蒙,朱丽娅・斯蒂尔斯,大卫・斯特雷泽恩","动作,悬疑,惊悚","2007-08-03(美国),2007-11-15(中国大陆)",115分钟,https://movie.douban.com/subject/1578507/,https://img1.doubanio.com/view/photo/s_ratio_poster/public/p792223507.jpg
141,疯狂原始人,8.70,"柯克・德・米科,克里斯・桑德斯","尼古拉斯・凯奇,艾玛・斯通,瑞恩・雷诺兹","喜剧,动画,冒险","2013-02-15(柏林电影节),2013-03-22(美国),2013-04-20(中国大陆)",98分钟,https://movie.douban.com/subject/1907966/,https://img1.doubanio.com/view/photo/s_ratio_poster/public/p1867084027.jpg
142,英雄本色,8.70,吴宇森,"周润发,狄龙,张国荣","剧情,动作,犯罪","1986-08-02(中国香港),2017-11-17(中国大陆)",95分钟,https://movie.douban.com/subject/1297574/,https://img1.doubanio.com/view/photo/s_ratio_poster/public/p2504997087.jpg
143,喜宴,8.90,李安,"赵文u,郎雄,归亚蕾","剧情,喜剧,爱情","1993-02(柏林电影节),1993-08-04(美国)",108分钟,https://movie.douban.com/subject/1303037/,https://img3.doubanio.com/view/photo/s_ratio_poster/public/p2173713676.jpg
144,七武士,9.20,黑泽明,"三船敏郎,志村乔,稻叶义男","动作,冒险,剧情",1954-04-26(日本),"160分钟(国际版),150分钟(英国初版),190分钟(英国1991重映版),141分钟(美国初版),203分钟(美国重映版),207分钟(修复版)",https://movie.douban.com/subject/1295399/,https://img3.doubanio.com/view/photo/s_ratio_poster/public/p647099823.jpg
145,萤火虫之墓,8.70,高x勋,"辰己努,白石绫乃,志乃原良子","动画,剧情,战争",1988-04-16(日本),89 分钟,https://movie.douban.com/subject/1293318/,https://img1.doubanio.com/view/photo/s_ratio_poster/public/p1157334208.jpg
146,东邪西毒,8.60,王家卫,"张国荣,林青霞,梁朝伟","剧情,动作,爱情",1994-09-17(中国大陆),100分钟,https://movie.douban.com/subject/1292328/,https://img3.doubanio.com/view/photo/s_ratio_poster/public/p1982176012.jpg
147,傲慢与偏见,8.60,乔・赖特,"凯拉・奈特莉,马修・麦克费登,唐纳德・萨瑟兰","剧情,爱情",2005-09-16(英国),"129 分钟,135 分钟(加拿大)",https://movie.douban.com/subject/1418200/,https://img3.doubanio.com/view/photo/s_ratio_poster/public/p452005185.jpg
148,真爱至上,8.60,理查德・柯蒂斯,"休・格兰特,科林・费尔斯,艾玛・汤普森","喜剧,剧情,爱情","2003-09-07(多伦多电影节),2003-11-06(美国),2003-11-21(英国)",135 分钟,https://movie.douban.com/subject/1292401/,https://img3.doubanio.com/view/photo/s_ratio_poster/public/p475600770.jpg
149,时空恋旅人,8.70,理查德・柯蒂斯,"多姆纳尔・格里森,瑞秋・麦克亚当斯,比尔・奈伊","喜剧,爱情,奇幻",2013-09-04(英国),123分钟,https://movie.douban.com/subject/10577869/,https://img3.doubanio.com/view/photo/s_ratio_poster/public/p2070153774.jpg
150,贫民窟的百万富翁,8.60,"丹尼・博伊尔,洛芙琳・坦丹","戴夫・帕特尔,沙鲁巴・舒克拉,亚尼・卡普","剧情,爱情","2008-08-30(特柳赖德电影节),2009-01-09(英国),2009-03-26(中国大陆)",120 分钟,https://movie.douban.com/subject/2209573/,https://img3.doubanio.com/view/photo/s_ratio_poster/public/p2434249040.jpg
151,黑天鹅,8.50,达伦・阿伦诺夫斯基,"娜塔莉・波特曼,米拉・库尼斯,文森特・卡索","剧情,惊悚","2010-09-01(威尼斯电影节),2010-12-17(美国)","108分钟,103分钟(威尼斯电影节)",https://movie.douban.com/subject/1978709/,https://img3.doubanio.com/view/photo/s_ratio_poster/public/p2549648344.jpg
152,记忆碎片,8.60,克里斯托弗・诺兰,"盖・皮尔斯,凯瑞-安・莫斯,乔・潘托里亚诺","犯罪,剧情,悬疑","2000-09-05(威尼斯电影节),2000-10-20(英国),2001-05-25(美国)",113分钟,https://movie.douban.com/subject/1304447/,https://img3.doubanio.com/view/photo/s_ratio_poster/public/p641688453.jpg
153,心迷宫,8.70,忻钰坤,"霍卫民,王笑天,罗芸","剧情,犯罪,悬疑","2014-07-21(FIRST青年影展),2014-08-28(威尼斯电影节),2015-10-16(中国大陆)","110分钟(中国大陆),119分钟(威尼斯电影节)",https://movie.douban.com/subject/25917973/,https://img3.doubanio.com/view/photo/s_ratio_poster/public/p2276780256.jpg
154,纵横四海,8.80,吴宇森,"周润发,张国荣,钟楚红","剧情,喜剧,动作",1991-02-02(中国香港),108分钟,https://movie.douban.com/subject/1295409/,https://img3.doubanio.com/view/photo/s_ratio_poster/public/p2272146906.jpg
155,教父3,8.80,弗朗西斯・福特・科波拉,"阿尔・帕西诺,黛安・基顿,塔莉娅・夏尔","剧情,犯罪",1990-12-25(美国),170分钟,https://movie.douban.com/subject/1294240/,https://img3.doubanio.com/view/photo/s_ratio_poster/public/p2169664351.jpg
156,荒蛮故事,8.80,达米安・斯兹弗隆,"达里奥・格兰迪内蒂,玛丽娅・玛努尔,莫妮卡・比利亚","剧情,喜剧,犯罪","2014-05-17(戛纳电影节),2014-08-21(阿根廷)",122分钟,https://movie.douban.com/subject/24750126/,https://img3.doubanio.com/view/photo/s_ratio_poster/public/p2192834364.jpg
157,完美的世界,9.10,克林特・伊斯特伍德,"凯文・科斯特纳,劳拉・邓恩,克林特・伊斯特伍德","剧情,犯罪",1993-11-24(美国),"138分钟,125分钟(德国电视版)",https://movie.douban.com/subject/1300992/,https://img1.doubanio.com/view/photo/s_ratio_poster/public/p2190556408.jpg
158,达拉斯买家俱乐部,8.70,让-马克・瓦雷,"马修・麦康纳,詹妮弗・加纳,杰瑞德・莱托","剧情,传记,同性","2013-09-07(多伦多电影节),2013-11-22(美国)",117分钟,https://movie.douban.com/subject/1793929/,https://img1.doubanio.com/view/photo/s_ratio_poster/public/p2166160837.jpg
159,三块广告牌,8.70,马丁・麦克唐纳,"弗兰西斯・麦克多蒙德,伍迪・哈里森,山姆・洛克威尔","剧情,犯罪","2017-09-04(威尼斯电影节),2017-12-01(美国),2018-03-02(中国大陆)",115分钟,https://movie.douban.com/subject/26611804/,https://img1.doubanio.com/view/photo/s_ratio_poster/public/p2510081688.jpg
160,雨人,8.70,巴瑞・莱文森,"达斯汀・霍夫曼,汤姆・克鲁斯,瓦莱丽亚・戈利诺",剧情,1988-12-16(美国),133分钟,https://movie.douban.com/subject/1291870/,https://img3.doubanio.com/view/photo/s_ratio_poster/public/p942376281.jpg
161,被解救的姜戈,8.70,昆汀・塔伦蒂诺,"杰米・福克斯,莱昂纳多・迪卡普里奥,克里斯托弗・沃尔兹","剧情,动作,西部","2012-12-25(美国),2013-05-12(中国大陆)","163分钟(中国大陆),165分钟(美国)",https://movie.douban.com/subject/6307447/,https://img1.doubanio.com/view/photo/s_ratio_poster/public/p1959232369.jpg
162,花样年华,8.60,王家卫,"梁朝伟,张曼玉,潘迪华","剧情,爱情","2000-05-20(戛纳电影节),2000-09-29(中国香港)",98 分钟,https://movie.douban.com/subject/1291557/,https://img3.doubanio.com/view/photo/s_ratio_poster/public/p1910828286.jpg
163,卢旺达饭店,8.90,特瑞・乔治,"唐・钱德尔,苏菲・奥康内多,杰昆・菲尼克斯","剧情,历史,战争",2004-12-22(美国),121分钟,https://movie.douban.com/subject/1291822/,https://img3.doubanio.com/view/photo/s_ratio_poster/public/p2159368352.jpg
164,你的名字。,8.40,新海诚,"神木隆之介,上白石萌音,长泽雅美","剧情,爱情,动画","2016-08-26(日本),2016-12-02(中国大陆)",106分钟,https://movie.douban.com/subject/26683290/,https://img1.doubanio.com/view/photo/s_ratio_poster/public/p2395733377.jpg
165,我是山姆,8.90,杰茜・尼尔森,"西恩・潘,达科塔・范宁,米歇尔・菲佛","剧情,家庭",2001-12-03(美国),132 分钟,https://movie.douban.com/subject/1306861/,https://img3.doubanio.com/view/photo/s_ratio_poster/public/p652417775.jpg
166,哪吒闹海,9.00,"严定宪,王树忱,徐景达","梁正晖,邱岳峰,毕克","冒险,动画,奇幻",1979-05-19(中国大陆),65分钟,https://movie.douban.com/subject/1307315/,https://img3.doubanio.com/view/photo/s_ratio_poster/public/p2516566783.jpg
167,头脑特工队,8.70,"彼特・道格特,罗纳尔多・德尔・卡门","艾米・波勒,菲利丝・史密斯,理查德・坎德","喜剧,动画,冒险","2015-06-19(美国),2015-10-06(中国大陆)",95分钟,https://movie.douban.com/subject/10533913/,https://img3.doubanio.com/view/photo/s_ratio_poster/public/p2266293606.jpg
168,海边的曼彻斯特,8.60,肯尼思・洛纳根,"卡西・阿弗莱克,卢卡斯・赫奇斯,米歇尔・威廉姆斯","剧情,家庭","2016-01-23(圣丹斯电影节),2016-11-18(美国),2017-08-25(中国大陆)",137分钟,https://movie.douban.com/subject/25980443/,https://img1.doubanio.com/view/photo/s_ratio_poster/public/p2496940327.jpg
169,你看起来好像很好吃,8.80,藤森雅也,"山口胜平,爱河里花子,加藤清史郎","剧情,动画,儿童",2010-10-16(日本),90分钟,https://movie.douban.com/subject/4848115/,https://img1.doubanio.com/view/photo/s_ratio_poster/public/p2554167519.jpg
170,恋恋笔记本,8.50,尼克・卡萨维茨,"瑞恩・高斯林,瑞秋・麦克亚当斯,吉娜・罗兰兹","剧情,爱情",2004-06-25(美国),123分钟,https://movie.douban.com/subject/1309163/,https://img3.doubanio.com/view/photo/s_ratio_poster/public/p483604864.jpg
171,无敌破坏王,8.70,瑞奇・摩尔,"约翰・C・赖利,萨拉・西尔弗曼,杰克・麦克布瑞尔","喜剧,动画,奇幻","2012-11-02(美国),2012-11-06(中国大陆)",101分钟,https://movie.douban.com/subject/6534248/,https://img3.doubanio.com/view/photo/s_ratio_poster/public/p1735642656.jpg
172,冰川时代,8.50,"卡洛斯・沙尔丹哈,克里斯・韦奇","雷・罗马诺,约翰・雷吉扎莫,丹尼斯・利瑞","喜剧,动画,冒险",2002-03-15(美国),81 分钟,https://movie.douban.com/subject/1291578/,https://img1.doubanio.com/view/photo/s_ratio_poster/public/p1910895719.jpg
173,二十二,8.70,郭柯,,纪录片,"2015-10-05(釜山电影节),2016-06-25(莫斯科电影节),2017-08-14(中国大陆)","99分钟(公映版),112分钟",https://movie.douban.com/subject/26430107/,https://img1.doubanio.com/view/photo/s_ratio_poster/public/p2457609817.jpg
174,虎口脱险,8.90,热拉尔・乌里,"路易・德・菲奈斯,布尔维尔,克劳迪奥・布鲁克","喜剧,战争",1966-12-08(法国),"132分钟,101分钟(西德删减版),119分钟(DVD版),122分钟(4K修复版)",https://movie.douban.com/subject/1296909/,https://img3.doubanio.com/view/photo/s_ratio_poster/public/p2399597512.jpg
175,未麻的部屋,8.90,今敏,"岩男润子,松本梨香,y亲八","动画,奇幻,惊悚","1997-07(加拿大奇幻电影节),1998-02-28(日本)",81 分钟,https://movie.douban.com/subject/1395091/,https://img3.doubanio.com/view/photo/s_ratio_poster/public/p1351050722.jpg
176,海洋,9.10,"雅克・贝汉, 雅克・克鲁奥德","皮尔斯・布鲁斯南,雅克・贝汉,姜文",纪录片,"2009-10-17(东京电影节),2010-01-27(法国),2011-08-12(中国大陆)","104分钟(法国),84分钟(美国),100分钟(德国),86分钟(阿根廷)",https://movie.douban.com/subject/3443389/,https://img3.doubanio.com/view/photo/s_ratio_poster/public/p2559581324.jpg
177,模仿游戏,8.60,莫滕・泰杜姆,"本尼迪克特・康伯巴奇,凯拉・奈特莉,马修・古迪","剧情,传记,战争","2014-11-14(英国),2014-12-25(美国),2015-07-21(中国大陆)",114分钟,https://movie.douban.com/subject/10463953/,https://img3.doubanio.com/view/photo/s_ratio_poster/public/p2255040492.jpg
178,爆裂鼓手,8.70,达米恩・查泽雷,"迈尔斯・特勒,J・K・西蒙斯,保罗・雷瑟","剧情,音乐",2014-10-10(美国),107分钟,https://movie.douban.com/subject/25773932/,https://img3.doubanio.com/view/photo/s_ratio_poster/public/p2220776342.jpg
179,雨中曲,9.00,"斯坦利・多南,吉恩・凯利","吉恩・凯利,唐纳德・奥康纳,黛比・雷诺斯","喜剧,歌舞,爱情",1952-04-11(美国),103分钟,https://movie.douban.com/subject/1293460/,https://img3.doubanio.com/view/photo/s_ratio_poster/public/p1612355875.jpg
180,一个叫欧维的男人决定去死,8.80,汉内斯・赫尔姆,"罗夫・拉斯加德,巴哈・帕斯,托比亚斯・阿姆博瑞",剧情,2015-12-25(瑞典),116分钟,https://movie.douban.com/subject/26628357/,https://img3.doubanio.com/view/photo/s_ratio_poster/public/p2406624993.jpg
181,忠犬八公物语,9.10,神山征二郎,"山本圭,井川比佐志,片桐入",剧情,1987-08-01(日本),107 分钟,https://movie.douban.com/subject/1959195/,https://img3.doubanio.com/view/photo/s_ratio_poster/public/p1576418852.jpg
182,燃情岁月,8.80,爱德华・兹威克,"布拉德・皮特,安东尼・霍普金斯,艾丹・奎因","剧情,爱情,战争",1994-12-16(美国),133分钟,https://movie.douban.com/subject/1295865/,https://img1.doubanio.com/view/photo/s_ratio_poster/public/p1023654037.jpg
183,人工智能,8.60,史蒂文・斯皮尔伯格,"海利・乔・奥斯蒙,弗兰西丝・奥康纳,山姆・洛巴兹","冒险,剧情,科幻",2001-06-29(美国),146分钟,https://movie.douban.com/subject/1302827/,https://img1.doubanio.com/view/photo/s_ratio_poster/public/p792257137.jpg
184,天书奇谭,9.20,"王树忱,钱运达","丁建华,毕克,苏秀","动画,奇幻","1983(中国大陆),2019(中国大陆重映)",89分钟,https://movie.douban.com/subject/1428581/,https://img1.doubanio.com/view/photo/s_ratio_poster/public/p2515539487.jpg
185,魔女宅急便,8.60,宫崎骏,"高山南,佐久间玲,户田惠子","动画,奇幻,冒险",1989-07-29(日本),103分钟,https://movie.douban.com/subject/1307811/,https://img3.doubanio.com/view/photo/s_ratio_poster/public/p456676352.jpg
186,房间,8.80,伦尼・阿伯拉罕森,"布丽・拉尔森,雅各布・特伦布莱,肖恩・布里吉格斯","剧情,家庭","2015-09-04(特柳赖德电影节),2015-10-23(多伦多),2016-01-15(爱尔兰),2016-01-15(英国),2016-01-22(美国)",118分钟,https://movie.douban.com/subject/25724855/,https://img3.doubanio.com/view/photo/s_ratio_poster/public/p2259715855.jpg
187,穿越时空的少女,8.60,细田守,"仲里依纱,石田卓也,板仓光隆","剧情,爱情,科幻",2006-07-15(日本),98分钟,https://movie.douban.com/subject/1937946/,https://img3.doubanio.com/view/photo/s_ratio_poster/public/p2079334286.jpg
188,黑客帝国3：矩阵革命,8.70,"莉莉・沃卓斯基,拉娜・沃卓斯基","基努・里维斯,劳伦斯・菲什伯恩,凯瑞-安・莫斯","动作,科幻","2003-11-05(美国),2003-11-05(中国大陆)",129 分钟,https://movie.douban.com/subject/1302467/,https://img1.doubanio.com/view/photo/s_ratio_poster/public/p2220873438.jpg
189,恐怖游轮,8.40,克里斯托弗・史密斯,"梅利莎・乔治,利亚姆・海姆斯沃斯,迈克尔・多曼","剧情,悬疑,惊悚",2009-10-16(英国),99 分钟,https://movie.douban.com/subject/3011051/,https://img3.doubanio.com/view/photo/s_ratio_poster/public/p462470694.jpg
190,海街日记,8.70,是枝裕和,"绫濑遥,长泽雅美,夏帆","剧情,家庭","2015-05-14(戛纳电影节),2015-06-13(日本)",127分钟,https://movie.douban.com/subject/25895901/,https://img1.doubanio.com/view/photo/s_ratio_poster/public/p2232247487.jpg
191,魂断蓝桥,8.80,茂文・勒鲁瓦,"费雯・丽,罗伯特・泰勒,露塞尔・沃特森","剧情,爱情,战争",1940-05-17(美国),108分钟,https://movie.douban.com/subject/1293964/,https://img1.doubanio.com/view/photo/s_ratio_poster/public/p2351134499.jpg
192,头号玩家,8.70,史蒂文・斯皮尔伯格,"泰伊・谢里丹,奥利维亚・库克,本・门德尔森","动作,科幻,冒险","2018-03-11(西南偏南电影节),2018-03-29(美国),2018-03-30(中国大陆)",140分钟,https://movie.douban.com/subject/4920389/,https://img1.doubanio.com/view/photo/s_ratio_poster/public/p2516578307.jpg
193,猜火车,8.50,丹尼・博伊尔,"伊万・麦克格雷格,艾文・布莱纳,约翰尼・李・米勒","剧情,犯罪",1996-02-23(英国),94分钟,https://movie.douban.com/subject/1292528/,https://img1.doubanio.com/view/photo/s_ratio_poster/public/p513567548.jpg
194,完美陌生人,8.50,保罗・杰诺维塞,"马可・贾利尼,卡夏・斯穆特尼亚克,爱德华多・莱奥","剧情,喜剧","2016-02-11(意大利),2018-05-25(中国大陆)","97分钟,96分钟(中国大陆)",https://movie.douban.com/subject/26614893/,https://img3.doubanio.com/view/photo/s_ratio_poster/public/p2522331945.jpg
195,罗生门,8.80,黑泽明,"三船敏郎,千秋实,京町子","犯罪,剧情,悬疑",1950-08-26(日本),88分钟,https://movie.douban.com/subject/1291879/,https://img1.doubanio.com/view/photo/s_ratio_poster/public/p2564689879.jpg
196,惊魂记,8.90,阿尔弗雷德・希区柯克,"珍妮特・利,安东尼・博金斯,维拉・迈尔斯","悬疑,惊悚,恐怖","1960-06-16(纽约首映),1960-09-08(美国)",109分钟,https://movie.douban.com/subject/1293181/,https://img3.doubanio.com/view/photo/s_ratio_poster/public/p1021883305.jpg
197,功夫,8.40,周星驰,"周星驰,元秋,元华","动作,喜剧,犯罪","2004-09-14(多伦多电影节),2004-12-23(中国大陆),2004-12-23(中国香港),2015-01-15(中国大陆3D)","100分钟(3D重映),95分钟(中国大陆),99分钟(美国)",https://movie.douban.com/subject/1291543/,https://img1.doubanio.com/view/photo/s_ratio_poster/public/p2219011938.jpg
198,阿飞正传,8.50,王家卫,"张国荣,张曼玉,刘嘉玲","犯罪,剧情,爱情","1990-12-15(中国香港),2018-06-25(中国大陆)",94分钟,https://movie.douban.com/subject/1305690/,https://img3.doubanio.com/view/photo/s_ratio_poster/public/p2525770523.jpg
199,香水,8.50,汤姆・提克威,"本・卫肖,艾伦・瑞克曼,蕾切儿・哈伍德","剧情,犯罪,奇幻","2006-09-07(德国),2006-09-14(法国),2006-11-24(西班牙),2007-01-05(美国)",147分钟,https://movie.douban.com/subject/1760622/,https://img1.doubanio.com/view/photo/s_ratio_poster/public/p470006658.jpg
200,可可西里,8.70,陆川,"多布杰,张正阳,奇道","剧情,犯罪","2004-10-01(中国大陆),2005-04-21(中国香港)","85分钟(中国大陆),90分钟(美国),98分钟(阿根廷)",https://movie.douban.com/subject/1308857/,https://img3.doubanio.com/view/photo/s_ratio_poster/public/p2414771522.jpg
201,谍影重重2,8.60,保罗・格林格拉斯,"马特・达蒙,弗朗卡・波滕特,布莱恩・考克斯","动作,悬疑,惊悚","2004-07-15(洛杉矶首映),2004-07-23(美国),2004-11-14(中国大陆)",108分钟,https://movie.douban.com/subject/1308767/,https://img3.doubanio.com/view/photo/s_ratio_poster/public/p667644866.jpg
202,牯岭街少年杀人事件,8.80,杨德昌,"张震,杨静怡,张国柱","剧情,犯罪",1991-07-27(中国台湾),237分钟(导演剪辑版),https://movie.douban.com/subject/1292329/,https://img3.doubanio.com/view/photo/s_ratio_poster/public/p848381236.jpg
203,朗读者,8.50,史蒂芬・戴德利,"凯特・温丝莱特,大卫・克劳斯,拉尔夫・费因斯","剧情,爱情","2008-12-10(纽约首映),2009-01-30(美国),2009-02-26(德国)",124 分钟,https://movie.douban.com/subject/2213597/,https://img1.doubanio.com/view/photo/s_ratio_poster/public/p1140984198.jpg
204,浪潮,8.70,丹尼斯・甘塞尔,"于尔根・福格尔,弗雷德里克・劳,马克思・雷迈特","剧情,惊悚",2008-03-13(德国),107 分钟,https://movie.douban.com/subject/2297265/,https://img3.doubanio.com/view/photo/s_ratio_poster/public/p1344888983.jpg
205,谍影重重,8.60,道格・里曼,"马特・达蒙,弗朗卡・波滕特,克里斯・库珀","动作,悬疑,惊悚","2002-06-14(美国),2002-11-21(中国大陆)",119分钟,https://movie.douban.com/subject/1304102/,https://img3.doubanio.com/view/photo/s_ratio_poster/public/p1597183981.jpg
206,疯狂的石头,8.40,宁浩,"郭涛,刘桦,连晋","喜剧,犯罪","2006-06-30(中国大陆),2006-08-10(中国香港)","106 分钟(香港),98 分钟(中国大陆)",https://movie.douban.com/subject/1862151/,https://img3.doubanio.com/view/photo/s_ratio_poster/public/p712241453.jpg
207,战争之王,8.60,安德鲁・尼科尔,"尼古拉斯・凯奇,布丽姬・穆娜,杰瑞德・莱托","剧情,犯罪",2005-09-16(美国),122 分钟,https://movie.douban.com/subject/1419936/,https://img3.doubanio.com/view/photo/s_ratio_poster/public/p792282381.jpg
208,地球上的星星,8.90,阿米尔・汗,"达席尔・萨法瑞,阿米尔・汗,塔奈・切赫达","剧情,儿童,家庭",2007-12-21(印度),165分钟,https://movie.douban.com/subject/2363506/,https://img3.doubanio.com/view/photo/s_ratio_poster/public/p1973489335.jpg
209,初恋这件小事,8.30,"普特鹏・普罗萨卡・那・萨克那卡林,华森・波克彭","平采娜・乐维瑟派布恩,马里奥・毛瑞尔,苏达拉・布查蓬","剧情,喜剧,爱情","2010-08-12(泰国),2012-06-05(中国大陆)","118分钟(泰国),100分钟(中国大陆)",https://movie.douban.com/subject/4739952/,https://img3.doubanio.com/view/photo/s_ratio_poster/public/p1505312273.jpg
210,青蛇,8.50,徐克,"张曼玉,王祖贤,赵文卓","剧情,爱情,奇幻",1993-11-04(中国香港),99分钟,https://movie.douban.com/subject/1303394/,https://img3.doubanio.com/view/photo/s_ratio_poster/public/p584021784.jpg
211,终结者2：审判日,8.60,詹姆斯・卡梅隆,"阿诺・施瓦辛格,琳达・汉密尔顿,爱德华・福隆","动作,科幻","1991-07-03(美国),2017-02-17(柏林电影节 3D)","137分钟,153分钟(特别版),156分钟(终极剪辑版)",https://movie.douban.com/subject/1291844/,https://img3.doubanio.com/view/photo/s_ratio_poster/public/p1910909085.jpg
212,奇迹男孩,8.60,斯蒂芬・卓博斯基,"雅各布・特伦布莱,朱莉娅・罗伯茨,伊扎贝拉・维多维奇","剧情,儿童,家庭","2017-11-17(美国),2018-01-19(中国大陆)","113分钟,114分钟(中国大陆)",https://movie.douban.com/subject/26787574/,https://img1.doubanio.com/view/photo/s_ratio_poster/public/p2507709428.jpg
213,爱在午夜降临前,8.80,理查德・林克莱特,"伊桑・霍克,朱莉・德尔佩,肖姆斯・戴维-菲茨帕特里克","剧情,爱情",2013-06-14(美国),109分钟,https://movie.douban.com/subject/10808442/,https://img1.doubanio.com/view/photo/s_ratio_poster/public/p2074715729.jpg
214,源代码,8.40,邓肯・琼斯,"杰克・吉伦哈尔,维拉・法米加,米歇尔・莫纳汉","科幻,悬疑,惊悚","2011-03-11(西南偏南电影节),2011-04-01(美国),2011-08-30(中国大陆)",93分钟,https://movie.douban.com/subject/3075287/,https://img3.doubanio.com/view/photo/s_ratio_poster/public/p988260245.jpg
215,新龙门客栈,8.50,李惠民,"张曼玉,林青霞,梁家辉","动作,爱情,武侠","1992-08-27(中国香港),2012-02-24(中国大陆)","88分钟,99分钟,103分钟(美国)",https://movie.douban.com/subject/1292287/,https://img1.doubanio.com/view/photo/s_ratio_poster/public/p1421018669.jpg
216,步履不停,8.80,是枝裕和,"阿部宽,夏川结衣,江原由希子","剧情,家庭",2008-06-28(日本),115分钟,https://movie.douban.com/subject/2222996/,https://img3.doubanio.com/view/photo/s_ratio_poster/public/p2561539680.jpg
217,小萝莉的猴神大叔,8.50,卡比尔・汗,"萨尔曼・汗,哈莎莉・马洛特拉,卡琳娜・卡普尔","剧情,喜剧,动作","2015-07-17(印度),2018-03-02(中国大陆)","159分钟,141分钟(中国大陆)",https://movie.douban.com/subject/26393561/,https://img3.doubanio.com/view/photo/s_ratio_poster/public/p2510956726.jpg
218,无耻混蛋,8.50,昆汀・塔伦蒂诺,"布拉德・皮特,梅拉尼・罗兰,克里斯托弗・沃尔兹","剧情,犯罪",2009-08-20(德国),153分钟,https://movie.douban.com/subject/1438652/,https://img3.doubanio.com/view/photo/s_ratio_poster/public/p770734475.jpg
219,釜山行,8.40,延尚昊,"孔侑,郑有美,马东锡","动作,惊悚,灾难","2016-05-13(戛纳电影节),2016-07-20(韩国)",118分钟,https://movie.douban.com/subject/25986180/,https://img1.doubanio.com/view/photo/s_ratio_poster/public/p2360940399.jpg
220,再次出发之纽约遇见你,8.50,约翰・卡尼,"凯拉・奈特莉,马克・鲁弗洛,亚当・莱文","喜剧,爱情,音乐","2013-09-07(多伦多电影节),2014-07-11(美国),2015-06-26(中国大陆)",104分钟,https://movie.douban.com/subject/6874403/,https://img3.doubanio.com/view/photo/s_ratio_poster/public/p2250287733.jpg
221,一次别离,8.70,阿斯哈・法哈蒂,"佩曼・莫阿迪,蕾拉・哈塔米,萨瑞・巴亚特","剧情,家庭","2011-02-15(柏林电影节),2011-03-16(伊朗),2012-11-13(中国大陆)",123分钟,https://movie.douban.com/subject/5964718/,https://img3.doubanio.com/view/photo/s_ratio_poster/public/p2189835254.jpg
222,追随,8.90,克里斯托弗・诺兰,"杰里米・西奥伯德,亚历克斯・霍,露西・拉塞尔","犯罪,悬疑,惊悚","1998-09-12(多伦多电影节),1999-11-05(英国)",69分钟,https://movie.douban.com/subject/1397546/,https://img3.doubanio.com/view/photo/s_ratio_poster/public/p2074443514.jpg
223,新世界,8.70,朴勋政,"李政宰,崔岷植,黄政民","剧情,犯罪",2013-02-21(韩国),134分钟,https://movie.douban.com/subject/10437779/,https://img1.doubanio.com/view/photo/s_ratio_poster/public/p1903379979.jpg
224,血钻,8.60,爱德华・兹威克,"莱昂纳多・迪卡普里奥,杰曼・翰苏,詹妮弗・康纳利","剧情,惊悚,冒险",2006-12-08(美国),143 分钟,https://movie.douban.com/subject/1428175/,https://img3.doubanio.com/view/photo/s_ratio_poster/public/p1244017073.jpg
225,彗星来的那一夜,8.50,詹姆斯・沃德・布柯特,"艾米丽・芭尔多尼,莫瑞・史特林,尼古拉斯・布兰登","科幻,悬疑,惊悚","2013-09-19(奇幻电影节),2014-08-06(美国)",89分钟,https://movie.douban.com/subject/25807345/,https://img3.doubanio.com/view/photo/s_ratio_poster/public/p2187896734.jpg
226,2001太空漫游,8.70,斯坦利・库布里克,"凯尔・杜拉,加里・洛克伍德,威廉姆・西尔维斯特","科幻,惊悚,冒险","1968-04-02(华盛顿首映),1968-05-12(英国)",149分钟,https://movie.douban.com/subject/1292226/,https://img3.doubanio.com/view/photo/s_ratio_poster/public/p2500694952.jpg
227,城市之光,9.30,查理・卓别林,"查理・卓别林,弗吉尼亚・切瑞尔,佛罗伦斯・李","喜剧,剧情,爱情","1931-01-30(洛杉矶首映),1931-03-07(美国)",87 分钟,https://movie.douban.com/subject/1293908/,https://img1.doubanio.com/view/photo/s_ratio_poster/public/p2170238828.jpg
228,东京物语,9.20,小津安二郎,"笠智众,原节子,杉村春子","剧情,家庭",1953-11-03(日本),136 分钟,https://movie.douban.com/subject/1291568/,https://img3.doubanio.com/view/photo/s_ratio_poster/public/p1925331564.jpg
229,绿里奇迹,8.70,弗兰克・德拉邦特,"汤姆・汉克斯,大卫・摩斯,迈克・克拉克・邓肯","犯罪,剧情,奇幻",1999-12-10(美国),189 分钟,https://movie.douban.com/subject/1300374/,https://img3.doubanio.com/view/photo/s_ratio_poster/public/p767586451.jpg
230,撞车,8.60,保罗・哈吉斯,"桑德拉・布洛克,唐・钱德尔,马特・狄龙","犯罪,剧情","2004-09-10(多伦多电影节),2005-05-06(美国)","112分钟,115分钟(导演剪辑版)",https://movie.douban.com/subject/1388216/,https://img3.doubanio.com/view/photo/s_ratio_poster/public/p2075132390.jpg
231,梦之安魂曲,8.70,达伦・阿伦诺夫斯基,"艾伦・伯斯汀,杰瑞德・莱托,詹妮弗・康纳利",剧情,"2000-05-14(戛纳电影节),2000-12-15(美国)",102分钟,https://movie.douban.com/subject/1292270/,https://img3.doubanio.com/view/photo/s_ratio_poster/public/p884936202.jpg
232,疯狂的麦克斯4：狂暴之路,8.60,乔治・米勒,"汤姆・哈迪,查理兹・塞隆,尼古拉斯・霍尔特","动作,科幻,冒险","2015-05-14(澳大利亚),2015-05-15(美国)",120分钟,https://movie.douban.com/subject/3592854/,https://img3.doubanio.com/view/photo/s_ratio_poster/public/p2236181653.jpg
233,聚焦,8.80,汤姆・麦卡锡,"马克・鲁弗洛,迈克尔・基顿,瑞秋・麦克亚当斯","剧情,传记","2015-09-03(威尼斯电影节),2015-11-25(美国)",128分钟,https://movie.douban.com/subject/25954475/,https://img1.doubanio.com/view/photo/s_ratio_poster/public/p2263822658.jpg
234,E.T. 外星人,8.60,史蒂文・斯皮尔伯格,"亨利・托马斯,迪・沃伦斯,罗伯特・麦克纳夫顿","剧情,科幻","1982-05-26(戛纳电影节),1982-06-11(美国)","115分钟,120分钟(加长版)",https://movie.douban.com/subject/1294638/,https://img3.doubanio.com/view/photo/s_ratio_poster/public/p984732992.jpg
235,黑鹰坠落,8.60,雷德利・斯科特,"乔什・哈奈特,伊万・麦克格雷格,汤姆・塞兹摩尔","动作,历史,战争",2001-12-18(美国),"144分钟,142分钟(德国),152分钟(加长版)",https://movie.douban.com/subject/1291824/,https://img3.doubanio.com/view/photo/s_ratio_poster/public/p1910900710.jpg
236,这个男人来自地球,8.50,理查德・沙因克曼,"大卫・李・史密斯,托尼・托德,约翰・比灵斯列","剧情,科幻",2007-11-13(美国),87 分钟,https://movie.douban.com/subject/2300586/,https://img3.doubanio.com/view/photo/s_ratio_poster/public/p513303986.jpg
237,末路狂花,8.70,雷德利・斯科特,"吉娜・戴维斯,苏珊・萨兰登,哈威・凯特尔","犯罪,剧情,惊悚","1991-05-24(美国),1991-05-29(法国)",130 分钟,https://movie.douban.com/subject/1291992/,https://img3.doubanio.com/view/photo/s_ratio_poster/public/p794583044.jpg
238,遗愿清单,8.60,罗伯・莱纳,"杰克・尼科尔森,摩根・弗里曼,西恩・海耶斯","冒险,喜剧,剧情","2007-12-25(多伦多电影节),2008-01-11(美国)",97 分钟,https://movie.douban.com/subject/1867345/,https://img3.doubanio.com/view/photo/s_ratio_poster/public/p708613284.jpg
239,发条橙,8.50,斯坦利・库布里克,"马尔科姆・麦克道威尔,帕特里克・马基,迈克尔・贝茨","犯罪,剧情,科幻","1971-12-19(纽约首映),1972-01-13(英国)",136 分钟,https://movie.douban.com/subject/1292233/,https://img3.doubanio.com/view/photo/s_ratio_poster/public/p529908155.jpg
240,变脸,8.40,吴宇森,"约翰・特拉沃尔塔,尼古拉斯・凯奇,琼・艾伦","动作,科幻,犯罪",1997-06-27(美国),138分钟,https://movie.douban.com/subject/1292659/,https://img3.doubanio.com/view/photo/s_ratio_poster/public/p2173855883.jpg
241,国王的演讲,8.40,汤姆・霍珀,"科林・费尔斯,杰弗里・拉什,海伦娜・伯翰・卡特","剧情,传记,历史","2010-09-06(特柳赖德电影节),2010-12-25(美国),2011-01-07(英国),2012-02-24(中国大陆)",118分钟,https://movie.douban.com/subject/4023638/,https://img1.doubanio.com/view/photo/s_ratio_poster/public/p768879237.jpg
242,我爱你,9.00,秋昌G,"宋在浩,李顺载,尹秀晶","剧情,爱情",2011-02-17(韩国),118分钟,https://movie.douban.com/subject/5908478/,https://img1.doubanio.com/view/photo/s_ratio_poster/public/p1075591188.jpg
243,勇闯夺命岛,8.60,迈克尔・贝,"肖恩・康纳利,尼古拉斯・凯奇,艾德・哈里斯","动作,冒险",1996-06-07(美国),136分钟,https://movie.douban.com/subject/1292728/,https://img3.doubanio.com/view/photo/s_ratio_poster/public/p636048104.jpg
244,千钧一发,8.70,安德鲁・尼科尔,"伊桑・霍克,乌玛・瑟曼,裘德・洛","剧情,科幻,惊悚",1997-10-24(美国),106分钟,https://movie.douban.com/subject/1300117/,https://img3.doubanio.com/view/photo/s_ratio_poster/public/p2195672555.jpg
245,哈利・波特与密室,8.40,克里斯・哥伦布,"丹尼尔・雷德克里夫,艾玛・沃森,鲁伯特・格林特","奇幻,冒险","2002-11-15(英国),2002-11-15(美国),2003-01-24(中国大陆)","161分钟,174分钟(加长版)",https://movie.douban.com/subject/1296996/,https://img3.doubanio.com/view/photo/s_ratio_poster/public/p1082651990.jpg
246,哈利・波特与阿兹卡班的囚徒,8.50,阿方索・卡隆,"丹尼尔・雷德克里夫,艾玛・沃森,鲁伯特・格林特","剧情,奇幻,冒险","2004-05-31(英国),2004-09-10(中国大陆)",141 分钟,https://movie.douban.com/subject/1291544/,https://img1.doubanio.com/view/photo/s_ratio_poster/public/p1910812549.jpg
247,黄金三镖客,9.10,赛尔乔・莱昂内,"克林特・伊斯特伍德,埃里・瓦拉赫,李・范・克里夫","冒险,西部",1966-12-23(意大利),"161 分钟,186 分钟(法国加长版),182 分钟(西班牙),179 分钟(美国加长版),142 分钟(芬兰剪辑版)",https://movie.douban.com/subject/1401118/,https://img1.doubanio.com/view/photo/s_ratio_poster/public/p2101693489.jpg
248,非常嫌疑犯,8.60,布莱恩・辛格,"史蒂芬・鲍德温,加布里埃尔・伯恩,本尼西奥・德尔・托罗","剧情,犯罪,悬疑","1995-01-25(圣丹斯电影节),1995-09-15(美国)",106分钟,https://movie.douban.com/subject/1292214/,https://img3.doubanio.com/view/photo/s_ratio_poster/public/p2537319495.jpg
249,驴得水,8.30,"周申,刘露","任素汐,大力,刘帅良","剧情,喜剧",2016-10-28(中国大陆),111分钟,https://movie.douban.com/subject/25921812/,https://img3.doubanio.com/view/photo/s_ratio_poster/public/p2393044761.jpg
250,秒速5厘米,8.30,新海诚,"水桥研二,近藤好美 ,花村怜美","动画,剧情,爱情",2007-03-03(日本),63分钟,https://movie.douban.com/subject/2043546/,https://img3.doubanio.com/view/photo/s_ratio_poster/public/p982896012.jpg
